Tỉnh_th,Quận_huy,Phường_,Dân_số_,Green_Area_m2,Green_Area_ha
Thủ đô Hà Nội,,Đống Đa,81358,201814.22486673988,20.181422486673988
Thủ đô Hà Nội,,Hồng Hà,123282,5506929.922762463,550.6929922762463
Thủ đô Hà Nội,,Hoàng Mai,98502,2039019.0717558917,203.90190717558917
Thủ đô Hà Nội,,Lĩnh Nam,20706,4028354.24330561,402.835424330561
Thủ đô Hà Nội,,Long Biên,62887,1.0413656178407915E7,1041.3656178407914
Thủ đô Hà Nội,,Chương Mỹ,87913,2.046373655632016E7,2046.3736556320162
Thủ đô Hà Nội,,Tương Mai,136292,346541.6900697596,34.65416900697596
Thủ đô Hà Nội,,Hà Đông,185205,1627870.174749337,162.7870174749337
Thủ đô Hà Nội,,Dương Nội,56091,2441395.6332374415,244.13956332374414
Thủ đô Hà Nội,,Kiến Hưng,70833,2308623.037584522,230.86230375845219
Thủ đô Hà Nội,,Yên Nghĩa,49643,7515297.796824527,751.5297796824527
Thủ đô Hà Nội,,Phú Lương,52024,4434962.656346159,443.4962656346159
Thủ đô Hà Nội,,Thanh Liệt,76238,1692758.4726087088,169.27584726087088
Thủ đô Hà Nội,,Tùng Thiện,42052,2.3725957949422948E7,2372.595794942295
Thủ đô Hà Nội,,Phương Liệt,81977,465985.85185436177,46.59858518543618
Thủ đô Hà Nội,,Bồ Đề,120028,3109358.1883389037,310.9358188338904
Thủ đô Hà Nội,,Thanh Xuân,106316,463813.7162502812,46.38137162502812
Thủ đô Hà Nội,,Hoàn Kiếm,105301,271158.99377749575,27.115899377749574
Thủ đô Hà Nội,,Khương Đình,86286,381765.8124413584,38.17658124413584
Thủ đô Hà Nội,,Định Công,85502,1038062.7700572594,103.80627700572593
Thủ đô Hà Nội,,Sơn Tây,71301,1.3600399323095437E7,1360.0399323095437
Thủ đô Hà Nội,,Hoàng Liệt,55820,1191048.714728262,119.1048714728262
Thủ đô Hà Nội,,Yên Sở,40913,1548055.156906487,154.8055156906487
Thủ đô Hà Nội,,Vĩnh Hưng,67561,1061767.859678919,106.1767859678919
Thủ đô Hà Nội,,Việt Hưng,83188,4148400.455251327,414.84004552513267
Thủ đô Hà Nội,,Cửa Nam,52751,353084.056113748,35.3084056113748
Thủ đô Hà Nội,,Phúc Lợi,66790,3296316.7640929874,329.63167640929873
Thủ đô Hà Nội,,Ô Chợ Dừa,71293,119782.92356618246,11.978292356618246
Thủ đô Hà Nội,,Bạch Mai,129571,330374.07082465675,33.03740708246568
Thủ đô Hà Nội,,Vĩnh Tuy,90583,242024.87082007912,24.202487082007913
Thủ đô Hà Nội,,Hai Bà Trưng,87801,570516.1102924421,57.051611029244214
Thủ đô Hà Nội,,Láng,61135,218407.80554704854,21.840780554704853
Thủ đô Hà Nội,,Văn Miếu - Quốc Tử Giám,105604,136428.11033169617,13.642811033169616
Thủ đô Hà Nội,,Kim Liên,109107,340321.1324784522,34.03211324784522
Thủ đô Hà Nội,,Ba Đình,65023,1074916.6993497063,107.49166993497063
Thủ đô Hà Nội,,Cầu Giấy,74516,575248.3720001818,57.52483720001818
Thủ đô Hà Nội,,Ngọc Hà,93536,386877.0978077907,38.687709780779066
Thủ đô Hà Nội,,Xuân Đỉnh,48658,1721276.3001604567,172.12763001604566
Thủ đô Hà Nội,,Giảng Võ,97034,357646.100595781,35.7646100595781
Thủ đô Hà Nội,,Phú Thượng,39322,1794113.3221912757,179.41133221912756
Thủ đô Hà Nội,,Tây Hồ,100122,1278267.998694805,127.8267998694805
Thủ đô Hà Nội,,Yên Hòa,77029,768537.8930897133,76.85378930897133
Thủ đô Hà Nội,,Nghĩa Đô,125568,863077.3998821185,86.30773998821185
Thủ đô Hà Nội,,Từ Liêm,119997,3002828.536843872,300.2828536843872
Thủ đô Hà Nội,,Xuân Phương,104947,4315808.174068316,431.5808174068316
Thủ đô Hà Nội,,Đại Mỗ,80462,3528911.6748022637,352.8911674802264
Thủ đô Hà Nội,,Thượng Cát,24692,7368034.75284337,736.803475284337
Thủ đô Hà Nội,,Đông Ngạc,83544,3544295.8926082538,354.42958926082537
Thủ đô Hà Nội,,Tây Tựu,39436,3908498.1434814455,390.84981434814455
Thủ đô Hà Nội,,Phú Diễn,74603,2610150.856011783,261.01508560117827
Thủ đô Hà Nội,,Tây Mỗ,46894,1882462.8951021086,188.24628951021086
thành phố Cần Thơ,,Ô Môn,73412,2.974568323976497E7,2974.568323976497
thành phố Cần Thơ,,Thới Long,52979,3.2850441389431186E7,3285.0441389431185
thành phố Cần Thơ,,Phước Thới,46788,3.1510726106948286E7,3151.0726106948287
thành phố Cần Thơ,,Phong Điền,51949,3.835737305072898E7,3835.7373050728975
thành phố Cần Thơ,,Vị Thanh,32766,1.5476174528847998E7,1547.6174528847998
thành phố Cần Thơ,,Vị Tân,36079,2.6369271830244567E7,2636.9271830244566
thành phố Cần Thơ,,Đại Thành,34594,4.6866277731382765E7,4686.627773138276
thành phố Cần Thơ,,Sóc Trăng,61253,2.938827350815364E7,2938.827350815364
thành phố Cần Thơ,,Phú Lợi,95516,1.371061472458574E7,1371.061472458574
thành phố Cần Thơ,,Ngã Năm,58588,7.242608610558915E7,7242.608610558915
thành phố Cần Thơ,,Mỹ Quới,3024,7.056313246226066E7,7056.313246226066
thành phố Cần Thơ,,Vĩnh Châu,68437,4.996569246483462E7,4996.569246483462
thành phố Cần Thơ,,Khánh Hòa,37634,4.017942986825741E7,4017.942986825741
thành phố Cần Thơ,,Vĩnh Phước,51897,4.3322034205063865E7,4332.2034205063865
thành phố Cần Thơ,,Cái Khế,57688,2225975.364415936,222.5975364415936
thành phố Cần Thơ,,Ninh Kiều,119547,807075.6067247876,80.70756067247876
thành phố Cần Thơ,,Thới An Đông,39401,1.272586707840469E7,1272.586707840469
thành phố Cần Thơ,,Long Tuyền,45292,2.0195900335074812E7,2019.5900335074812
thành phố Cần Thơ,,Cái Răng,71106,1.6333415517525947E7,1633.3415517525946
thành phố Cần Thơ,,Hưng Phú,58543,2.306622645789337E7,2306.622645789337
thành phố Cần Thơ,,Thốt Nốt,61387,8817230.79331282,881.723079331282
thành phố Cần Thơ,,Trung Nhứt,37469,1.0279994513937049E7,1027.999451393705
thành phố Cần Thơ,,Thuận Hưng,56878,1.717770985928557E7,1717.7709859285571
thành phố Cần Thơ,,Ngã Bảy,37861,1.990981984550257E7,1990.981984550257
thành phố Cần Thơ,,Long Mỹ,35865,3.586819925753036E7,3586.819925753036
thành phố Cần Thơ,,Long Bình,26378,3.2362718457799483E7,3236.2718457799483
thành phố Cần Thơ,,Long Phú 1,30365,4.583236728741705E7,4583.236728741705
thành phố Cần Thơ,,Mỹ Xuyên,51769,2.4098589947159916E7,2409.8589947159917
thành phố Huế,,Phú Xuân,130247,3799837.3354379693,379.9837335437969
thành phố Huế,,Vỹ Dạ,49684,4178395.491115196,417.8395491115196
thành phố Huế,,Thuận Hóa,98923,1861312.8027034088,186.13128027034088
thành phố Huế,,An Cựu,55305,1.0743793549188621E7,1074.3793549188622
thành phố Huế,,Hương An,35885,1.4187575888760014E7,1418.7575888760014
thành phố Huế,,Thủy Xuân,43373,3.0202950965208847E7,3020.2950965208847
thành phố Huế,,Thanh Thủy,43569,3.7486983548651256E7,3748.6983548651256
thành phố Huế,,Phong Phú,19057,3.12895031725188E7,3128.9503172518803
thành phố Huế,,Phong Dinh,28012,5.3570868937445775E7,5357.0868937445775
thành phố Huế,,Phong Điền,27862,5.679679730552838E8,56796.79730552838
thành phố Huế,,Hóa Châu,41328,2.0489681992248386E7,2048.968199224839
thành phố Huế,,Thuận An,54846,5213210.842178524,521.3210842178523
thành phố Huế,,Dương Nỗ,31692,1.586389239129082E7,1586.389239129082
thành phố Huế,,Mỹ Thượng,44736,1.45315708187582E7,1453.15708187582
thành phố Huế,,Phú Bài,38410,3.0250294480163926E8,30250.294480163924
thành phố Huế,,Hương Thủy,29192,2.791460317403385E7,2791.460317403385
thành phố Huế,,Kim Trà,36296,3.4595967525083914E7,3459.5967525083915
thành phố Huế,,Hương Trà,29979,6.010945169118239E7,6010.945169118239
thành phố Huế,,Kim Long,48999,7.774463265954652E7,7774.463265954652
thành phố Huế,,Phong Thái,37406,1.4551653049725163E8,14551.653049725162
thành phố Huế,,Phong Quảng,25728,9966376.676711468,996.6376676711468
thành phố Hải Phòng,,Lê Thanh Nghị,81500,1308717.830544535,130.87178305445352
thành phố Hải Phòng,,Thành Đông,50307,2633147.4215156706,263.3147421515671
thành phố Hải Phòng,,Thạch Khôi,34432,6950193.499455052,695.0193499455053
thành phố Hải Phòng,,Ái Quốc,24736,7797177.817563702,779.7177817563702
thành phố Hải Phòng,,Nhị Chiểu,43799,1.2793288541183472E7,1279.3288541183472
thành phố Hải Phòng,,Bắc An Phụ,22780,1.2270910796485303E7,1227.0910796485302
thành phố Hải Phòng,,Chí Linh,31983,1.0276139430885017E7,1027.6139430885016
thành phố Hải Phòng,,Chu Văn An,56251,1.8208879543619882E7,1820.8879543619882
thành phố Hải Phòng,,Trần Liễu,26696,1.0889435443354918E7,1088.9435443354919
thành phố Hải Phòng,,Hải Dương,51522,1052709.2824722289,105.27092824722288
thành phố Hải Phòng,,Ngô Quyền,88595,763952.3484317256,76.39523484317256
thành phố Hải Phòng,,Đông Hải,50748,7304289.698465592,730.4289698465592
thành phố Hải Phòng,,Thủy Nguyên,71731,1.5955278046753587E7,1595.5278046753588
thành phố Hải Phòng,,Nam Triệu,40224,1.2245344152156997E7,1224.5344152156997
thành phố Hải Phòng,,Tân Hưng,38794,4347351.290770976,434.7351290770976
thành phố Hải Phòng,,Dương Kinh,27339,1.2031684034285543E7,1203.1684034285543
thành phố Hải Phòng,,Nam Đồ Sơn,30372,1.4772690741620708E7,1477.2690741620709
thành phố Hải Phòng,,Đồ Sơn,36494,1.0568980640393902E7,1056.8980640393902
thành phố Hải Phòng,,Nam Đồng,24900,7539952.352398771,753.995235239877
thành phố Hải Phòng,,Tứ Minh,30416,4400976.784599034,440.0976784599034
thành phố Hải Phòng,,Trần Nhân Tông,27053,2.0421731731879976E7,2042.1731731879975
thành phố Hải Phòng,,Nguyễn Trãi,16098,6.880327115527868E7,6880.327115527868
thành phố Hải Phòng,,Trần Hưng Đạo,35932,3.857954264980654E7,3857.9542649806535
thành phố Hải Phòng,,Phạm Sư Mạnh,24919,7924296.317489266,792.4296317489267
thành phố Hải Phòng,,Lê Đại Hành,24638,1.2910938502055358E7,1291.0938502055358
thành phố Hải Phòng,,Nguyễn Đại Năng,29083,5123129.385039296,512.3129385039296
thành phố Hải Phòng,,Kinh Môn,24948,3674306.1892610434,367.43061892610433
thành phố Hải Phòng,,An Phong,44660,9373751.824467916,937.3751824467917
thành phố Hải Phòng,,Vĩnh Hòa,28176,6959380.419015205,695.9380419015206
thành phố Hải Phòng,,An Dương,76879,1.3288074813702418E7,1328.8074813702417
thành phố Hải Phòng,,Lưu Kiếm,49376,1.958414864574115E7,1958.414864574115
thành phố Hải Phòng,,Bạch Đằng,51633,2.5172681288226645E7,2517.2681288226645
thành phố Hải Phòng,,Hòa Bình,47168,1.0100059337009985E7,1010.0059337009985
thành phố Hải Phòng,,Hưng Đạo,37859,1.0397030964293923E7,1039.7030964293924
thành phố Hải Phòng,,Hồng Bàng,113200,2234546.0262341667,223.45460262341666
thành phố Hải Phòng,,Gia Viên,102246,564149.6195337633,56.41496195337633
thành phố Hải Phòng,,An Biên,116091,1040213.0036069384,104.02130036069384
thành phố Hải Phòng,,Lê Chân,161051,488861.3636203542,48.88613636203542
thành phố Hải Phòng,,Hải An,102648,1.1363753901293138E7,1136.3753901293137
thành phố Hải Phòng,,Kiến An,67236,3972150.624078309,397.21506240783094
thành phố Hải Phòng,,Thiên Hương,45140,7290462.480013559,729.0462480013558
thành phố Hải Phòng,,Hồng An,64771,7800355.468662934,780.0355468662934
thành phố Hải Phòng,,Lê Ích Mộc,51853,1.0722457307198862E7,1072.245730719886
thành phố Hải Phòng,,Phù Liễn,60733,9120986.908363553,912.0986908363553
thành phố Hải Phòng,,An Hải,77086,9070424.629752215,907.0424629752215
thành phố Hồ Chí Minh,,Phú Lợi,107721,6753212.475964175,675.3212475964175
thành phố Hồ Chí Minh,,Thủ Dầu Một,88132,6093498.269162554,609.3498269162554
thành phố Hồ Chí Minh,,Chánh Hiệp,56387,1.1622002424851447E7,1162.2002424851448
thành phố Hồ Chí Minh,,Bình Dương,107576,2.3968155920496523E7,2396.8155920496524
thành phố Hồ Chí Minh,,Tây Nam,56784,8.771487992784981E7,8771.487992784982
thành phố Hồ Chí Minh,,Bến Cát,97928,7.764977575811946E7,7764.977575811947
thành phố Hồ Chí Minh,,Long Nguyên,53387,8.828708286130196E7,8828.708286130195
thành phố Hồ Chí Minh,,Chánh Phú Hòa,53916,5.6966141314075306E7,5696.61413140753
thành phố Hồ Chí Minh,,Thới Hòa,79601,1.6939266298555586E7,1693.9266298555588
thành phố Hồ Chí Minh,,Hòa Lợi,79694,2.1698068960606992E7,2169.8068960606993
thành phố Hồ Chí Minh,,Phú An,46931,2.4559188596700206E7,2455.9188596700205
thành phố Hồ Chí Minh,,Tân Uyên,73032,6.248359353135567E7,6248.359353135567
thành phố Hồ Chí Minh,,Tân Khánh,126393,1.7917347675106067E7,1791.7347675106066
thành phố Hồ Chí Minh,,Bình Cơ,64601,5.950973501001969E7,5950.9735010019685
thành phố Hồ Chí Minh,,Vĩnh Tân,61865,3.9967195128615834E7,3996.7195128615836
thành phố Hồ Chí Minh,,Tân Hiệp,142494,2.237865675224891E7,2237.8656752248908
thành phố Hồ Chí Minh,,Dĩ An,227817,2989185.5060383817,298.9185506038382
thành phố Hồ Chí Minh,,Tân Đông Hiệp,100243,7535676.411435148,753.5676411435147
thành phố Hồ Chí Minh,,Đông Hòa,132056,7194833.337470829,719.4833337470828
thành phố Hồ Chí Minh,,Thuận An,64689,8928707.426586526,892.8707426586526
thành phố Hồ Chí Minh,,Lái Thiêu,118852,5667074.810370591,566.7074810370591
thành phố Hồ Chí Minh,,Thuận Giao,150781,3434920.8207372925,343.49208207372925
thành phố Hồ Chí Minh,,An Phú,162930,2464666.3863766836,246.46663863766835
thành phố Hồ Chí Minh,,Bình Hòa,120035,5243742.896735904,524.3742896735904
thành phố Hồ Chí Minh,,Tân Định,48524,137137.2674205705,13.713726742057052
thành phố Hồ Chí Minh,,Sài Gòn,47022,571135.755388746,57.113575538874606
thành phố Hồ Chí Minh,,Bến Thành,71875,399406.53166512883,39.94065316651288
thành phố Hồ Chí Minh,,Cầu Ông Lãnh,78734,131833.9211004519,13.18339211004519
thành phố Hồ Chí Minh,,Thới An,125657,6294932.99440502,629.493299440502
thành phố Hồ Chí Minh,,Hiệp Bình,215638,3826439.598331796,382.6439598331796
thành phố Hồ Chí Minh,,Tân Thới Hiệp,168060,1019810.0784390917,101.98100784390917
thành phố Hồ Chí Minh,,Diên Hồng,75633,212745.67886627797,21.274567886627796
thành phố Hồ Chí Minh,,Trung Mỹ Tây,126470,1458397.3342768948,145.83973342768948
thành phố Hồ Chí Minh,,Đông Hưng Thuận,182895,1250531.0402975641,125.05310402975641
thành phố Hồ Chí Minh,,Linh Xuân,158334,2977957.617153183,297.7957617153183
thành phố Hồ Chí Minh,,Tam Bình,153414,2484949.5041146968,248.4949504114697
thành phố Hồ Chí Minh,,Thủ Đức,118952,1645099.3373826272,164.50993373826273
thành phố Hồ Chí Minh,,Phú Thọ,47094,177091.60975452504,17.709160975452505
thành phố Hồ Chí Minh,,Long Bình,119637,1.1068637027189098E7,1106.8637027189097
thành phố Hồ Chí Minh,,Tăng Nhơn Phú,208233,7282024.852607069,728.2024852607069
thành phố Hồ Chí Minh,,Phước Long,137331,3033677.8674745155,303.36778674745153
thành phố Hồ Chí Minh,,Long Phước,53092,1.9153350950551804E7,1915.3350950551803
thành phố Hồ Chí Minh,,Long Trường,73669,1.1604595932554388E7,1160.459593255439
thành phố Hồ Chí Minh,,An Hội Đông,113681,327085.5131334791,32.70855131334791
thành phố Hồ Chí Minh,,Gò Vấp,110850,166715.16151604746,16.671516151604745
thành phố Hồ Chí Minh,,An Nhơn,111498,602706.9324953266,60.27069324953266
thành phố Hồ Chí Minh,,An Hội Tây,121004,261383.91843417296,26.138391843417295
thành phố Hồ Chí Minh,,Hạnh Thông,128865,349146.2825215358,34.914628252153584
thành phố Hồ Chí Minh,,Thông Tây Hội,121192,138765.78666336957,13.876578666336957
thành phố Hồ Chí Minh,,Bình Lợi Trung,116121,501747.49246239755,50.174749246239756
thành phố Hồ Chí Minh,,Bình Thạnh,126300,291472.2758927588,29.14722758927588
thành phố Hồ Chí Minh,,Thạnh Mỹ Tây,153217,509580.960594626,50.958096059462605
thành phố Hồ Chí Minh,,Gia Định,125946,151631.73398694803,15.163173398694804
thành phố Hồ Chí Minh,,Bình Quới,46200,3034315.9660186768,303.4315966018677
thành phố Hồ Chí Minh,,Hòa Bình,49863,32967.447321633736,3.2967447321633734
thành phố Hồ Chí Minh,,Tân Sơn Hòa,64150,287313.5761458154,28.731357614581537
thành phố Hồ Chí Minh,,Vườn Lài,104076,126219.39614410399,12.6219396144104
thành phố Hồ Chí Minh,,Tân Sơn Nhất,84639,185747.2530519074,18.57472530519074
thành phố Hồ Chí Minh,,Bảy Hiền,132252,147348.96676228842,14.734896676228841
thành phố Hồ Chí Minh,,Tân Bình,89373,58928.36712484921,5.892836712484921
thành phố Hồ Chí Minh,,Tân Hòa,93437,67866.36172772576,6.7866361727725755
thành phố Hồ Chí Minh,,Tân Sơn,77229,4299493.975273461,429.9493975273461
thành phố Hồ Chí Minh,,Tân Sơn Nhì,117277,534217.587809155,53.421758780915496
thành phố Hồ Chí Minh,,Tây Thạnh,72616,411883.77579680795,41.1883775796808
thành phố Hồ Chí Minh,,Phú Thọ Hòa,140436,113100.72425683713,11.310072425683712
thành phố Hồ Chí Minh,,Phú Thạnh,103780,90497.64334603104,9.049764334603104
thành phố Hồ Chí Minh,,Tân Phú,93117,80908.05414742863,8.090805414742864
thành phố Hồ Chí Minh,,Đức Nhuận,71495,413406.62961500575,41.34066296150058
thành phố Hồ Chí Minh,,Cầu Kiệu,62663,49315.809520108094,4.931580952010809
thành phố Hồ Chí Minh,,Phú Nhuận,68420,22876.816635161755,2.2876816635161754
thành phố Hồ Chí Minh,,An Khánh,76967,6968854.9365282245,696.8854936528224
thành phố Hồ Chí Minh,,Bình Trưng,121382,4610024.296523629,461.0024296523629
thành phố Hồ Chí Minh,,Cát Lái,68654,5397868.314498422,539.7868314498422
thành phố Hồ Chí Minh,,Hòa Hưng,96414,288615.24776180496,28.861524776180495
thành phố Hồ Chí Minh,,Nhiêu Lộc,88090,69718.17064801384,6.9718170648013835
thành phố Hồ Chí Minh,,Xuân Hòa,48464,367004.6986628813,36.700469866288124
thành phố Hồ Chí Minh,,Bàn Cờ,67634,27775.296123310163,2.7775296123310165
thành phố Hồ Chí Minh,,Bình Thới,55851,215537.0447902006,21.55370447902006
thành phố Hồ Chí Minh,,Minh Phụng,74459,66345.34404491351,6.634534404491351
thành phố Hồ Chí Minh,,Xóm Chiếu,57875,109541.0080947876,10.95410080947876
thành phố Hồ Chí Minh,,Khánh Hội,94507,38480.089014060824,3.8480089014060823
thành phố Hồ Chí Minh,,Vĩnh Hội,63015,196027.49962723677,19.602749962723678
thành phố Hồ Chí Minh,,Chợ Quán,63545,184276.5671062395,18.42765671062395
thành phố Hồ Chí Minh,,An Đông,81229,185989.72188095393,18.598972188095395
thành phố Hồ Chí Minh,,Chợ Lớn,85066,201602.3004189884,20.16023004189884
thành phố Hồ Chí Minh,,Bình Tây,63293,36733.81187693278,3.673381187693278
thành phố Hồ Chí Minh,,Phú Lâm,87513,194371.86313231225,19.437186313231226
thành phố Hồ Chí Minh,,Tân Mỹ,68124,2463778.0391111784,246.37780391111784
thành phố Hồ Chí Minh,,Bình Phú,75925,487379.2802809173,48.73792802809173
thành phố Hồ Chí Minh,,Bình Tiên,91520,116043.8269359514,11.60438269359514
thành phố Hồ Chí Minh,,Chánh Hưng,190707,426703.57067389396,42.670357067389396
thành phố Hồ Chí Minh,,Phú Định,150389,1239731.0047331266,123.97310047331266
thành phố Hồ Chí Minh,,Bình Đông,156332,3732576.545139627,373.25765451396273
thành phố Hồ Chí Minh,,Bình Hưng Hòa,187950,1248914.3790786148,124.89143790786147
thành phố Hồ Chí Minh,,An Phú Đông,179115,3705903.424868086,370.5903424868086
thành phố Hồ Chí Minh,,Bình Trị Đông,165142,467670.60144659306,46.767060144659304
thành phố Hồ Chí Minh,,Bình Tân,161851,2011536.744062207,201.1536744062207
thành phố Hồ Chí Minh,,An Lạc,172134,2175126.3496912345,217.51263496912344
thành phố Hồ Chí Minh,,Tân Tạo,113363,6873533.576620244,687.3533576620245
thành phố Hồ Chí Minh,,Tân Thuận,148090,1869783.2309223847,186.97832309223847
thành phố Hồ Chí Minh,,Tân Hưng,153674,2266148.7576197605,226.61487576197604
thành phố Hồ Chí Minh,,Phú Thuận,84089,2750021.67376709,275.002167376709
thành phố Hồ Chí Minh,,Vũng Tàu,117400,5808015.195916807,580.8015195916807
thành phố Hồ Chí Minh,,Tam Thắng,86420,3553607.5485193892,355.3607548519389
thành phố Hồ Chí Minh,,Rạch Dừa,76280,2179683.055442451,217.9683055442451
thành phố Hồ Chí Minh,,Phước Thắng,52580,1.2469371375343682E7,1246.9371375343683
thành phố Hồ Chí Minh,,Bà Rịa,52260,4857167.250554942,485.7167250554942
thành phố Hồ Chí Minh,,Tam Long,41130,2.1585174230726257E7,2158.5174230726257
thành phố Hồ Chí Minh,,Long Hương,31450,1.4615487133814167E7,1461.5487133814167
thành phố Hồ Chí Minh,,Phú Mỹ,40513,2.0844306402859677E7,2084.4306402859675
thành phố Hồ Chí Minh,,Tân Hải,30297,2.410816334198715E7,2410.816334198715
thành phố Hồ Chí Minh,,Tân Phước,29363,2.4720971024313297E7,2472.09710243133
thành phố Hồ Chí Minh,,Tân Thành,33943,4.032708584787964E7,4032.708584787964
thành phố Đà Nẵng,,Ngũ Hành Sơn,115944,1.4296945658590248E7,1429.6945658590248
thành phố Đà Nẵng,,Cẩm Lệ,78837,5164346.030417766,516.4346030417767
thành phố Đà Nẵng,,Hòa Xuân,85580,1.4221664566836517E7,1422.1664566836516
thành phố Đà Nẵng,,Bàn Thạch,36800,2.0543843157754246E7,2054.3843157754245
thành phố Đà Nẵng,,Quảng Phú,29401,2.1376746412112337E7,2137.674641211234
thành phố Đà Nẵng,,Hòa Cường,119363,4998049.470304869,499.8049470304869
thành phố Đà Nẵng,,An Khê,93625,5401997.189387004,540.1997189387004
thành phố Đà Nẵng,,Hòa Khánh,112518,2.458760483595144E7,2458.760483595144
thành phố Đà Nẵng,,Thanh Khê,201240,524271.0624484192,52.42710624484192
thành phố Đà Nẵng,,Hải Châu,131427,1184343.3512597773,118.43433512597774
thành phố Đà Nẵng,,An Hải,82635,869213.718416431,86.9213718416431
thành phố Đà Nẵng,,Sơn Trà,86890,4.267084606883859E7,4267.084606883859
thành phố Đà Nẵng,,Liên Chiểu,70628,3.02636395643429E7,3026.3639564342902
thành phố Đà Nẵng,,Hải Vân,48992,3.6779697737878305E8,36779.697737878305
thành phố Đà Nẵng,,Hội An,37222,4328123.671565785,432.8123671565785
thành phố Đà Nẵng,,An Thắng,34176,1.5597166074483383E7,1559.7166074483384
thành phố Đà Nẵng,,Hội An Tây,42370,7366072.545277674,736.6072545277674
thành phố Đà Nẵng,,Điện Bàn Bắc,30780,2.85142696354885E7,2851.42696354885
thành phố Đà Nẵng,,Hội An Đông,31109,8800010.714808926,880.0010714808926
thành phố Đà Nẵng,,Điện Bàn,41270,1.3717945368318804E7,1371.7945368318804
thành phố Đà Nẵng,,Điện Bàn Đông,72273,3.2183576852282654E7,3218.3576852282654
thành phố Đà Nẵng,,Tam Kỳ,44075,4192424.543466904,419.2424543466904
thành phố Đà Nẵng,,Hương Trà,33523,1.0220748525306134E7,1022.0748525306134
tỉnh An Giang,,Long Xuyên,154858,1.1131838752156217E7,1113.1838752156216
tỉnh An Giang,,Bình Đức,72822,1.4836056616766417E7,1483.6056616766418
tỉnh An Giang,,Mỹ Thới,6045,1.0862916657861808E7,1086.2916657861808
tỉnh An Giang,,Châu Đốc,97438,2.8637945076119702E7,2863.7945076119704
tỉnh An Giang,,Vĩnh Tế,40222,5.621684616494482E7,5621.684616494482
tỉnh An Giang,,Rạch Giá,250661,2.13331746615477E7,2133.31746615477
tỉnh An Giang,,Vĩnh Thông,55185,6.090971889118998E7,6090.971889118998
tỉnh An Giang,,Tô Châu,25865,2.7378974831473265E7,2737.8974831473265
tỉnh An Giang,,Hà Tiên,40609,2.5005679686978E7,2500.5679686978
tỉnh An Giang,,Tân Châu,33506,1.1134235015521599E7,1113.42350155216
tỉnh An Giang,,Long Phú,46826,1.4523397781863136E7,1452.3397781863137
tỉnh An Giang,,Chi Lăng,28401,4.1425059066623785E7,4142.505906662378
tỉnh An Giang,,Tịnh Biên,34865,5.041946168656699E7,5041.946168656699
tỉnh An Giang,,Thới Sơn,33045,3.707059876020769E7,3707.059876020769
tỉnh Bắc Ninh,,Chũ,58409,6.085356703025141E7,6085.3567030251415
tỉnh Bắc Ninh,,Phượng Sơn,41342,6.925960803151716E7,6925.960803151716
tỉnh Bắc Ninh,,Vũ Ninh,45480,4455222.454490183,445.52224544901827
tỉnh Bắc Ninh,,Kinh Bắc,84275,6741665.312279615,674.1665312279615
tỉnh Bắc Ninh,,Võ Cường,67255,6546984.094358226,654.6984094358227
tỉnh Bắc Ninh,,Bắc Giang,122838,7510278.016421062,751.0278016421062
tỉnh Bắc Ninh,,Đa Mai,51733,1.5093444258799473E7,1509.3444258799473
tỉnh Bắc Ninh,,Tiền Phong,36335,1.33147558064574E7,1331.4755806457401
tỉnh Bắc Ninh,,Yên Dũng,44149,1.9892721725265943E7,1989.2721725265942
tỉnh Bắc Ninh,,Tân An,37816,1.3323613132103622E7,1332.3613132103621
tỉnh Bắc Ninh,,Tân Tiến,34321,7743543.128516253,774.3543128516253
tỉnh Bắc Ninh,,Cảnh Thụy,26928,6399752.294116003,639.9752294116004
tỉnh Bắc Ninh,,Vân Hà,58177,1.7814141855082344E7,1781.4141855082344
tỉnh Bắc Ninh,,Nếnh,55559,1.2273697024527159E7,1227.369702452716
tỉnh Bắc Ninh,,Quế Võ,40194,4837735.334137172,483.77353341371725
tỉnh Bắc Ninh,,Nhân Hòa,30909,4871237.018389295,487.1237018389295
tỉnh Bắc Ninh,,Phương Liễu,42255,2529099.3240012378,252.90993240012378
tỉnh Bắc Ninh,,Đào Viên,34724,5142733.321639147,514.2733321639147
tỉnh Bắc Ninh,,Tự Lạn,45470,2.2669639631966356E7,2266.9639631966356
tỉnh Bắc Ninh,,Việt Yên,59470,2.182970443644846E7,2182.970443644846
tỉnh Bắc Ninh,,Bồng Lai,25375,2771420.0924068377,277.14200924068376
tỉnh Bắc Ninh,,Từ Sơn,65697,6644003.702356435,664.4003702356435
tỉnh Bắc Ninh,,Thuận Thành,52318,4692326.268049143,469.23262680491433
tỉnh Bắc Ninh,,Mão Điền,42785,4517785.172814792,451.7785172814792
tỉnh Bắc Ninh,,Trí Quả,34574,5413278.443295766,541.3278443295766
tỉnh Bắc Ninh,,Trạm Lộ,21132,2624827.4328748817,262.4827432874882
tỉnh Bắc Ninh,,Tam Sơn,28562,2638292.588000039,263.8292588000039
tỉnh Bắc Ninh,,Phù Khê,50574,5051572.539012894,505.1572539012894
tỉnh Bắc Ninh,,Đồng Nguyên,46023,4066644.2166329776,406.6644216632978
tỉnh Bắc Ninh,,Ninh Xá,22369,2603094.1480589323,260.30941480589325
tỉnh Bắc Ninh,,Song Liễu,31758,5611593.61735415,561.159361735415
tỉnh Bắc Ninh,,Nam Sơn,43511,5982671.017631651,598.2671017631651
tỉnh Bắc Ninh,,Hạp Lĩnh,22630,4308949.170235757,430.89491702357566
tỉnh Cao Bằng,,Thục Phán,41157,4.192918221671565E7,4192.918221671564
tỉnh Cao Bằng,,Nùng Trí Cao,19507,2.3805277056997437E7,2380.527705699744
tỉnh Cao Bằng,,Tân Giang,18204,8.005221440672097E7,8005.221440672097
tỉnh Cà Mau,,Bạc Liêu,24456,9286871.119718483,928.6871119718483
tỉnh Cà Mau,,An Xuyên,81303,3.0359813807473075E7,3035.9813807473074
tỉnh Gia Lai,,Pleiku,79466,1.3524820065585116E7,1352.4820065585116
tỉnh Gia Lai,,Ayun Pa,2682,5220989.169831548,522.0989169831548
tỉnh Gia Lai,,Tam Quan,24858,2.3940687617998097E7,2394.0687617998096
tỉnh Gia Lai,,Bồng Sơn,41435,7.141562100033383E7,7141.562100033383
tỉnh Gia Lai,,Hoài Nhơn Bắc,44581,7.619054062568744E7,7619.054062568744
tỉnh Gia Lai,,Hoài Nhơn Tây,25572,7.090459959910958E7,7090.459959910958
tỉnh Gia Lai,,Hoài Nhơn,43167,3.1169315051440585E7,3116.9315051440585
tỉnh Gia Lai,,Hoài Nhơn Đông,44634,4.9601532303329684E7,4960.153230332969
tỉnh Gia Lai,,Hoài Nhơn Nam,32707,3.1628741413858097E7,3162.8741413858097
tỉnh Gia Lai,,Quy Nhơn Bắc,45746,1.455934868661472E7,1455.934868661472
tỉnh Gia Lai,,Quy Nhơn,129326,5525650.437917553,552.5650437917553
tỉnh Gia Lai,,Quy Nhơn Đông,47067,3.0474531614767466E7,3047.4531614767466
tỉnh Gia Lai,,Bình Định,42768,1.755645472131126E7,1755.645472131126
tỉnh Gia Lai,,An Nhơn,114498,2.588493784328116E7,2588.493784328116
tỉnh Gia Lai,,An Nhơn Bắc,38484,2.6670781047243517E7,2667.0781047243518
tỉnh Gia Lai,,An Nhơn Đông,26443,1.3208898896442845E7,1320.8898896442845
tỉnh Gia Lai,,Quy Nhơn Tây,24859,9.961254730114707E7,9961.254730114708
tỉnh Gia Lai,,Quy Nhơn Nam,73296,2.8230695644397505E7,2823.0695644397506
tỉnh Gia Lai,,An Nhơn Nam,31651,4.847250685649093E7,4847.250685649094
tỉnh Gia Lai,,An Khê,50495,3.7368786560588405E7,3736.8786560588405
tỉnh Gia Lai,,Diên Hồng,75633,1.776244010190315E7,1776.244010190315
tỉnh Gia Lai,,Hội Phú,46358,2.2643666285364103E7,2264.36662853641
tỉnh Gia Lai,,Thống Nhất,48721,1.2203647305042583E7,1220.3647305042584
tỉnh Gia Lai,,An Phú,16293,1.6477725985477075E7,1647.7725985477075
tỉnh Hà Tĩnh,,Hà Huy Tập,28742,2.542462572421231E7,2542.462572421231
tỉnh Hà Tĩnh,,Nam Hồng Lĩnh,26133,2.6127483863629896E7,2612.7483863629895
tỉnh Hà Tĩnh,,Bắc Hồng Lĩnh,28729,2.0468403225447204E7,2046.8403225447205
tỉnh Hà Tĩnh,,Sông Trí,37314,5.415799551464607E7,5415.799551464607
tỉnh Hà Tĩnh,,Vũng Áng,21339,5.7346911009844415E7,5734.691100984442
tỉnh Hà Tĩnh,,Hoành Sơn,21004,4.668494776954299E7,4668.4947769543
tỉnh Hà Tĩnh,,Hải Ninh,20399,2.1515331387305137E7,2151.5331387305137
tỉnh Hà Tĩnh,,Trần Phú,38404,1.460123754580814E7,1460.123754580814
tỉnh Hà Tĩnh,,Thành Sen,90983,1.6023976123314599E7,1602.3976123314599
tỉnh Khánh Hòa,,Ninh Hòa,58816,1.8876668799276378E7,1887.6668799276379
tỉnh Khánh Hòa,,Đông Ninh Hòa,43484,9.817541172638558E7,9817.541172638557
tỉnh Khánh Hòa,,Bắc Nha Trang,128239,7.407856208673464E7,7407.856208673464
tỉnh Khánh Hòa,,Tây Nha Trang,108065,1.3437524906468565E7,1343.7524906468564
tỉnh Khánh Hòa,,Nam Nha Trang,130164,5.177200391303401E7,5177.2003913034005
tỉnh Khánh Hòa,,Bắc Cam Ranh,43644,7.201443376242438E7,7201.443376242438
tỉnh Khánh Hòa,,Đô Vinh,33207,2.6256026497515842E7,2625.602649751584
tỉnh Khánh Hòa,,Bảo An,45995,1.0623551387906244E7,1062.3551387906243
tỉnh Khánh Hòa,,Cam Ranh,31237,9788461.687312735,978.8461687312736
tỉnh Khánh Hòa,,Ba Ngòi,31708,5.8020690744811915E7,5802.069074481192
tỉnh Khánh Hòa,,Cam Linh,33052,565049.0954795687,56.50490954795687
tỉnh Khánh Hòa,,Hòa Thắng,26822,5.804103930374599E7,5804.103930374599
tỉnh Khánh Hòa,,Phan Rang,7225,3330667.1164817656,333.0667116481766
tỉnh Khánh Hòa,,Ninh Chử,39556,9567688.786112677,956.7688786112677
tỉnh Khánh Hòa,,Nha Trang,136118,3.570122738568039E7,3570.122738568039
tỉnh Lai Châu,,Tân Phong,36456,9.52584002177404E7,9525.84002177404
tỉnh Lai Châu,,Đoàn Kết,25403,1.2265613662593506E8,12265.613662593507
tỉnh Lào Cai,,Cam Đường,67877,3.73995441202815E7,3739.9544120281503
tỉnh Lào Cai,,Lào Cai,76981,5.622123488860638E7,5622.123488860638
tỉnh Lào Cai,,Sa Pa,22882,4.2157863620430425E7,4215.786362043043
tỉnh Lâm Đồng,,Lâm Viên - Đà Lạt,71369,2.172792059517524E7,2172.792059517524
tỉnh Lâm Đồng,,Xuân Hương - Đà Lạt,103178,5.844339057589649E7,5844.339057589648
tỉnh Lâm Đồng,,Cam Ly - Đà Lạt,48919,6.894239721161315E7,6894.239721161315
tỉnh Lâm Đồng,,Xuân Trường - Đà Lạt,36163,1.4955506061767763E8,14955.506061767763
tỉnh Lâm Đồng,,Nam Gia Nghĩa,2365,5.980172090322789E7,5980.172090322789
tỉnh Lâm Đồng,,Đông Gia Nghĩa,24199,9.328773710561337E7,9328.773710561336
tỉnh Lâm Đồng,,Mũi Né,50166,3.596890654547772E7,3596.8906545477716
tỉnh Lâm Đồng,,Bình Thuận,47858,3.2386565846712656E7,3238.6565846712656
tỉnh Lâm Đồng,,Phan Thiết,85493,415378.42063909787,41.537842063909785
tỉnh Lâm Đồng,,Hàm Thắng,54544,2.1895878430514317E7,2189.5878430514317
tỉnh Lâm Đồng,,Tiến Thành,28395,2.0980275779619105E7,2098.0275779619105
tỉnh Lâm Đồng,,Phước Hội,4948,2.172998844254255E7,2172.998844254255
tỉnh Lâm Đồng,,La Gi,60549,4.175500537473634E7,4175.500537473634
tỉnh Lạng Sơn,,Tam Thanh,30301,2.246618961204352E7,2246.6189612043518
tỉnh Lạng Sơn,,Đông Kinh,50436,4.721276204725034E7,4721.2762047250335
tỉnh Lạng Sơn,,Lương Văn Tri,23136,2.928827374134033E7,2928.827374134033
tỉnh Nghệ An,,Thái Hòa,26916,1.9884684836280443E7,1988.4684836280442
tỉnh Nghệ An,,Tây Hiếu,24698,3.499477824623599E7,3499.4778246235987
tỉnh Nghệ An,,Hoàng Mai,44474,5.744185595237304E7,5744.185595237304
tỉnh Nghệ An,,Tân Mai,33894,3.3214357570285775E7,3321.4357570285774
tỉnh Nghệ An,,Quỳnh Mai,57988,1.9377498588901352E7,1937.749858890135
tỉnh Nghệ An,,Trường Vinh,141477,8275077.696448443,827.5077696448443
tỉnh Nghệ An,,Vinh Lộc,68086,1.3646908000524778E7,1364.6908000524777
tỉnh Nghệ An,,Cửa Lò,64760,8030804.321400362,803.0804321400362
tỉnh Nghệ An,,Thành Vinh,123507,4039950.386960138,403.9950386960138
tỉnh Nghệ An,,Vinh Phú,74473,7323936.906962075,732.3936906962075
tỉnh Nghệ An,,Vinh Hưng,60159,1.0352407307454247E7,1035.2407307454248
tỉnh Ninh BÌnh,,Tây Hoa Lư,46648,4.904292436668159E7,4904.292436668159
tỉnh Ninh BÌnh,,Hoa Lư,148406,1.968394399088472E7,1968.394399088472
tỉnh Ninh BÌnh,,Đông Hoa Lư,34414,7671261.82231134,767.126182231134
tỉnh Ninh BÌnh,,Nam Hoa Lư,53514,2.9555614051983174E7,2955.5614051983175
tỉnh Ninh BÌnh,,Trung Sơn,31539,2.657157189358062E7,2657.1571893580617
tỉnh Ninh BÌnh,,Đông A,31802,9313026.044943836,931.3026044943836
tỉnh Ninh BÌnh,,Mỹ Lộc,38068,1.2806263221581848E7,1280.6263221581848
tỉnh Ninh BÌnh,,Thành Nam,30830,5724067.221480305,572.4067221480306
tỉnh Ninh BÌnh,,Nam Định,188751,7417457.073757784,741.7457073757785
tỉnh Ninh BÌnh,,Yên Sơn,21196,1.946454180237304E7,1946.454180237304
tỉnh Ninh BÌnh,,Yên Thắng,28405,1.0434043868224982E7,1043.4043868224983
tỉnh Ninh BÌnh,,Tam Điệp,26845,2.7045650177064277E7,2704.5650177064276
tỉnh Ninh BÌnh,,Hồng Quang,35784,1.1144123582359161E7,1114.4123582359161
tỉnh Ninh BÌnh,,Thiên Trường,31031,1.131473017931701E7,1131.473017931701
tỉnh Ninh BÌnh,,Trường Thi,69988,1.0831601504306778E7,1083.1601504306777
tỉnh Ninh BÌnh,,Vị Khê,36210,1.6563948304993456E7,1656.3948304993455
tỉnh Ninh BÌnh,,Duy Tiên,39957,1.0756098669236995E7,1075.6098669236994
tỉnh Ninh BÌnh,,Duy Tân,28299,1.2145455027232392E7,1214.5455027232392
tỉnh Ninh BÌnh,,Đồng Văn,34484,2822711.5398253496,282.27115398253494
tỉnh Ninh BÌnh,,Duy Hà,24310,2723552.0967367734,272.35520967367734
tỉnh Ninh BÌnh,,Kim Bảng,23232,4480468.38752947,448.046838752947
tỉnh Ninh BÌnh,,Tam Chúc,18114,2.9363039022122547E7,2936.303902212255
tỉnh Ninh BÌnh,,Lý Thường Kiệt,22958,3.559700585262248E7,3559.700585262248
tỉnh Ninh BÌnh,,Châu Sơn,33348,2624693.3677117443,262.4693367711744
tỉnh Ninh BÌnh,,Phủ Lý,62893,3482985.2621392943,348.29852621392945
tỉnh Ninh BÌnh,,Hà Nam,33343,9007098.72209691,900.7098722096911
tỉnh Ninh BÌnh,,Liêm Tuyền,27781,7471115.541478595,747.1115541478595
tỉnh Ninh BÌnh,,Tiên Sơn,27062,8267007.133436169,826.7007133436168
tỉnh Ninh BÌnh,,Phù Vân,40927,5415364.783155015,541.5364783155014
tỉnh Phú Thọ,,Vân Phú,37450,1.6326107500162313E7,1632.6107500162313
tỉnh Phú Thọ,,Nông Trang,57770,7334977.768083969,733.4977768083969
tỉnh Phú Thọ,,Âu Cơ,18951,8327874.350263799,832.7874350263799
tỉnh Phú Thọ,,Phú Thọ,27957,1.4363879578328086E7,1436.3879578328085
tỉnh Phú Thọ,,Phong Châu,32519,2.068176171791804E7,2068.176171791804
tỉnh Phú Thọ,,Thanh Miếu,58548,8235918.307303307,823.5918307303307
tỉnh Phú Thọ,,Việt Trì,73006,1.1489688884842668E7,1148.9688884842667
tỉnh Phú Thọ,,Vĩnh Yên,56428,1.192910249104429E7,1192.910249104429
tỉnh Phú Thọ,,Vĩnh Phúc,78317,1.1375835454221325E7,1137.5835454221326
tỉnh Phú Thọ,,Phúc Yên,63954,1.0513684536821522E7,1051.3684536821522
tỉnh Phú Thọ,,Xuân Hòa,55237,7.524174308843273E7,7524.174308843273
tỉnh Phú Thọ,,Hòa Bình,78605,2.7279198446859024E7,2727.9198446859023
tỉnh Phú Thọ,,Tân Hòa,14316,4.876997310734722E7,4876.997310734722
tỉnh Phú Thọ,,Thống Nhất,22897,4.4055244658790946E7,4405.524465879094
tỉnh Phú Thọ,,Kỳ Sơn,20319,1.0451682274853554E8,10451.682274853554
tỉnh Quảng Ngãi,,Kon Tum,77456,7060617.865041217,706.0617865041216
tỉnh Quảng Ngãi,,Trà Câu,45524,4.156304640766227E7,4156.304640766227
tỉnh Quảng Ngãi,,Cẩm Thành,60996,2574020.4850240373,257.4020485024037
tỉnh Quảng Ngãi,,Sa Huỳnh,32396,3.9812422466609344E7,3981.2422466609346
tỉnh Quảng Ngãi,,Nghĩa Lộ,73556,7853821.808605596,785.3821808605596
tỉnh Quảng Ngãi,,Trương Quang Trọng,49308,2.5339561346019268E7,2533.956134601927
tỉnh Quảng Ngãi,,Đức Phổ,41358,5.5708549806215E7,5570.8549806215005
tỉnh Quảng Ninh,,Uông Bí,59866,2.5818009102052905E7,2581.8009102052906
tỉnh Quảng Ninh,,Yên Tử,38932,9.078816807375924E7,9078.816807375924
tỉnh Quảng Ninh,,Bình Khê,21845,1.1834226633748183E8,11834.226633748183
tỉnh Quảng Ninh,,Hoàng Quế,31988,3.386682875071418E7,3386.6828750714185
tỉnh Quảng Ninh,,Việt Hưng,51787,2.353320224474098E7,2353.3202244740983
tỉnh Quảng Ninh,,Hà An,21314,2.0790465434982415E7,2079.0465434982416
tỉnh Quảng Ninh,,Hoành Bồ,17310,1.412745908138413E8,14127.459081384131
tỉnh Quảng Ninh,,Vàng Danh,38864,7.838335160802728E7,7838.335160802728
tỉnh Quảng Ninh,,Bãi Cháy,42018,9220733.209991934,922.0733209991934
tỉnh Quảng Ninh,,Hà Lầm,47474,4736052.6912256265,473.6052691225627
tỉnh Quảng Ninh,,Quang Hanh,52750,4.0507657459986895E7,4050.7657459986895
tỉnh Quảng Ninh,,Mông Dương,18953,1.21559407138771E8,12155.9407138771
tỉnh Quảng Ninh,,Cẩm Phả,61506,4968907.620046278,496.89076200462785
tỉnh Quảng Ninh,,Cửa Ông,66504,1.2338358202953802E7,1233.8358202953802
tỉnh Quảng Ninh,,Phong Cốc,27356,1.82597473014153E7,1825.9747301415302
tỉnh Quảng Ninh,,Hiệp Hòa,33381,1.9564101091328286E7,1956.4101091328287
tỉnh Quảng Ninh,,Đông Mai,21649,3.1072981600246206E7,3107.2981600246208
tỉnh Quảng Ninh,,Cao Xanh,32809,1.2370052532921229E7,1237.005253292123
tỉnh Quảng Ninh,,Liên Hòa,32847,2.1417692053633448E7,2141.7692053633446
tỉnh Quảng Ninh,,Quảng Yên,31353,1.1472635698340293E7,1147.2635698340293
tỉnh Quảng Ninh,,Móng Cái 3,22565,5.3837421210962765E7,5383.742121096277
tỉnh Quảng Ninh,,Móng Cái 2,29189,2.6133890841375943E7,2613.389084137594
tỉnh Quảng Ninh,,An Sinh,24956,8.402761831508926E7,8402.761831508926
tỉnh Quảng Ninh,,Đông Triều,43712,1.3641506857816152E7,1364.1506857816153
tỉnh Quảng Ninh,,Mạo Khê,72012,1.8653497471354224E7,1865.3497471354224
tỉnh Quảng Ninh,,Tuần Châu,14904,3.0941743636502612E7,3094.174363650261
tỉnh Quảng Ninh,,Móng Cái 1,46588,3.4138125066734254E7,3413.8125066734256
tỉnh Quảng Ninh,,Hà Tu,29643,1.4889669384914951E7,1488.966938491495
tỉnh Quảng Ninh,,Hồng Gai,51333,901080.4838360357,90.10804838360357
tỉnh Quảng Ninh,,Hạ Long,52905,1457014.1131385951,145.70141131385952
tỉnh Quảng Trị,,Đông Hà,50915,2.8135971360685248E7,2813.597136068525
tỉnh Quảng Trị,,Nam Đông Hà,61204,2.2280565440641664E7,2228.0565440641662
tỉnh Quảng Trị,,Quảng Trị,29705,6.1813474363547385E7,6181.347436354738
tỉnh Quảng Trị,,Đồng Hới,84196,1.1953593254456496E7,1195.3593254456496
tỉnh Quảng Trị,,Đồng Thuận,38521,1.3883445749487577E7,1388.3445749487578
tỉnh Quảng Trị,,Đồng Sơn,32396,7.001212776941755E7,7001.212776941756
tỉnh Quảng Trị,,Ba Đồn,28805,7918529.477000039,791.8529477000039
tỉnh Quảng Trị,,Bắc Gianh,32800,1.4050627260505917E7,1405.0627260505917
tỉnh Sơn La,,Tô Hiệu,51293,6810717.86789781,681.0717867897811
tỉnh Sơn La,,Chiềng Cơi,22694,8.012483269683415E7,8012.483269683415
tỉnh Sơn La,,Chiềng An,20322,9.576536205602464E7,9576.536205602464
tỉnh Sơn La,,Chiềng Sinh,27099,4.750890380463427E7,4750.890380463427
tỉnh Sơn La,,Mộc Sơn,15025,2.8530168927184824E7,2853.0168927184823
tỉnh Sơn La,,Thảo Nguyên,22479,4.5990249207003884E7,4599.024920700388
tỉnh Sơn La,,Vân Sơn,15917,3.1696106064617377E7,3169.6106064617375
tỉnh Sơn La,,Mộc Châu,21087,1.4119706213596448E8,14119.706213596448
tỉnh Thanh Hóa,,Trúc Lâm,2395,5.9770743809190854E7,5977.074380919085
tỉnh Thanh Hóa,,Hải Lĩnh,1833,3.1257347378692273E7,3125.7347378692275
tỉnh Thanh Hóa,,Tĩnh Gia,58583,1.9421368852783773E7,1942.1368852783773
tỉnh Thanh Hóa,,Hải Bình,3367,1.708687731288886E7,1708.687731288886
tỉnh Thanh Hóa,,Sầm Sơn,99866,1.083965408472667E7,1083.9654084726671
tỉnh Thanh Hóa,,Quảng Phú,77543,1.3987520921032144E7,1398.7520921032144
tỉnh Thanh Hóa,,Đông Quang,61214,1.5356939157850226E7,1535.6939157850227
tỉnh Thanh Hóa,,Đông Tiến,57844,1.7234318369321905E7,1723.4318369321904
tỉnh Thanh Hóa,,Đông Sơn,5895,1.3948731907122655E7,1394.8731907122656
tỉnh Thanh Hóa,,Hạc Thành,197142,5599895.834822919,559.9895834822919
tỉnh Thanh Hóa,,Hàm Rồng,63166,9470796.390754161,947.0796390754161
tỉnh Thanh Hóa,,Nguyệt Viên,"34,399",6149243.662146864,614.9243662146864
tỉnh Thanh Hóa,,Tân Dân,22095,1.5250030007708084E7,1525.0030007708083
tỉnh Thanh Hóa,,Ngọc Sơn,47911,1.3341492449417263E7,1334.1492449417262
tỉnh Thanh Hóa,,Bỉm Sơn,45997,2.912867457450612E7,2912.8674574506117
tỉnh Thanh Hóa,,Nam Sầm Sơn,37572,7006837.600618998,700.6837600618998
tỉnh Thanh Hóa,,Quang Trung,32808,1.6251153801312344E7,1625.1153801312344
tỉnh Thanh Hóa,,Nghi Sơn,32939,3.085444320036213E7,3085.444320036213
tỉnh Thái Nguyên,,Quan Triều,42292,1.866510260919779E7,1866.510260919779
tỉnh Thái Nguyên,,Phan Đình Phùng,111482,4859065.4386581415,485.90654386581417
tỉnh Thái Nguyên,,Gia Sàng,44094,1.764544622652029E7,1764.544622652029
tỉnh Thái Nguyên,,Quyết Thắng,29933,1.670036827475807E7,1670.036827475807
tỉnh Thái Nguyên,,Tích Lương,55278,1.5860812294251176E7,1586.0812294251175
tỉnh Thái Nguyên,,Linh Sơn,46733,2.8571785538803857E7,2857.1785538803856
tỉnh Thái Nguyên,,Sông Công,21039,1.0428510629986241E7,1042.8510629986242
tỉnh Thái Nguyên,,Bách Quang,26668,2.426899041823937E7,2426.899041823937
tỉnh Thái Nguyên,,Bá Xuyên,20065,1.636846301962044E7,1636.846301962044
tỉnh Thái Nguyên,,Phổ Yên,49162,2.6100909446967572E7,2610.090944696757
tỉnh Thái Nguyên,,Phúc Thuận,29051,6.4125496579435915E7,6412.549657943591
tỉnh Thái Nguyên,,Vạn Xuân,6161,2.3978723195622604E7,2397.8723195622606
tỉnh Thái Nguyên,,Trung Thành,37075,1.4507789770469967E7,1450.7789770469967
tỉnh Thái Nguyên,,Bắc Kạn,25387,7.164558831605077E7,7164.558831605077
tỉnh Thái Nguyên,,Đức Xuân,2266,3.1145707963584144E7,3114.5707963584146
tỉnh Vĩnh Long,,Phú Khương,47059,1.8976614157287445E7,1897.6614157287445
tỉnh Vĩnh Long,,Phú Tân,28568,2.2273999571764868E7,2227.3999571764866
tỉnh Vĩnh Long,,An Hội,53476,2.1086671632266086E7,2108.6671632266084
tỉnh Vĩnh Long,,Sơn Đông,34188,1.8966230471589085E7,1896.6230471589085
tỉnh Vĩnh Long,,Bến Tre,35917,1.939191658254897E7,1939.1916582548968
tỉnh Vĩnh Long,,Tân Ngãi,31294,1.4257358139307687E7,1425.7358139307687
tỉnh Vĩnh Long,,Phước Hậu,50839,8147416.877628131,814.7416877628131
tỉnh Vĩnh Long,,Đông Thành,41793,2.879714025319187E7,2879.714025319187
tỉnh Điện Biên,,Mường Thanh,25517,1.303071148165008E7,1303.071148165008
tỉnh Điện Biên,,Điện Biên Phủ,49205,3.859748498517701E7,3859.748498517701
tỉnh Điện Biên,,Mường Lay,18208,2.0029684618366745E8,20029.684618366744
tỉnh Đắk Lắk,,Thành Nhất,52466,1.9864767360497482E7,1986.4767360497483
tỉnh Đắk Lắk,,Buôn Ma Thuột,169596,4.384566211260661E7,4384.566211260661
tỉnh Đắk Lắk,,Buôn Hồ,6278,5.387600215188398E7,5387.600215188399
tỉnh Đắk Lắk,,Cư Bao,36911,8.723371523373967E7,8723.371523373968
tỉnh Đắk Lắk,,Tân Lập,73316,3.375508434809074E7,3375.5084348090736
tỉnh Đắk Lắk,,Ea Kao,5707,4.62115466117117E7,4621.15466117117
tỉnh Đắk Lắk,,Tuy Hòa,126118,1.7979912341716927E7,1797.9912341716927
tỉnh Đắk Lắk,,Xuân Đài,21574,8822757.715023026,882.2757715023026
tỉnh Đắk Lắk,,Phú Yên,61799,2.2047326267732628E7,2204.732626773263
tỉnh Đắk Lắk,,Sông Cầu,38891,6.961676161978337E7,6961.676161978337
tỉnh Đắk Lắk,,Đông Hòa,132056,6.831361452585323E7,6831.361452585324
tỉnh Đắk Lắk,,Hòa Hiệp,53597,1.712830841091755E7,1712.830841091755
tỉnh Đồng Nai,,Bình Phước,11144,5.815122433285456E7,5815.122433285456
tỉnh Đồng Nai,,Đồng Xoài,35887,6.6289810724363625E7,6628.981072436362
tỉnh Đồng Nai,,Phước Bình,44771,6.0004219988193125E7,6000.421998819313
tỉnh Đồng Nai,,Bình Long,41048,4.025417837251703E7,4025.4178372517026
tỉnh Đồng Nai,,An Lộc,35531,7.349977669935264E7,7349.977669935263
tỉnh Đồng Nai,,Chơn Thành,415,8.773317544437392E7,8773.317544437392
tỉnh Đồng Nai,,Minh Hưng,34123,7.964105600891776E7,7964.105600891777
tỉnh Đồng Nai,,Trảng Dài,104972,1.3333546823733881E7,1333.3546823733882
tỉnh Đồng Nai,,Tân Triều,101608,3.8013060268978916E7,3801.3060268978916
tỉnh Đồng Nai,,Long Bình,26378,1.1700863815532276E7,1170.0863815532277
tỉnh Đồng Nai,,Hố Nai,78902,7351409.491363943,735.1409491363943
tỉnh Đồng Nai,,Tam Phước,48313,1.7901824594243903E7,1790.1824594243903
tỉnh Đồng Nai,,Phước Tân,64181,1.3904159782101266E7,1390.4159782101267
tỉnh Đồng Nai,,Xuân Lập,18947,2.636698988510058E7,2636.698988510058
tỉnh Đồng Nai,,Tam Hiệp,139441,1169260.018388008,116.9260018388008
tỉnh Đồng Nai,,Trấn Biên,19706,7015242.691301264,701.5242691301264
tỉnh Đồng Nai,,Long Hưng,74184,7754218.858607962,775.4218858607961
tỉnh Đồng Nai,,Biên Hòa,74919,7887156.667623541,788.7156667623541
tỉnh Đồng Nai,,Long Khánh,7707,1.2844847837675055E7,1284.4847837675056
tỉnh Đồng Nai,,Bình Lộc,36195,6.759894472387981E7,6759.894472387981
tỉnh Đồng Nai,,Bảo Vinh,36989,4.244502524437761E7,4244.502524437761
tỉnh Đồng Nai,,Hàng Gòn,24931,3.988920775706201E7,3988.920775706201
tỉnh Đồng Tháp,,Bình Xuân,32574,2.088914538742254E7,2088.914538742254
tỉnh Đồng Tháp,,Mỹ Trà,46757,1.986530575317155E7,1986.530575317155
tỉnh Đồng Tháp,,Hồng Ngự,53945,2.461412898844861E7,2461.412898844861
tỉnh Đồng Tháp,,Thường Lạc,38225,9582277.673938854,958.2277673938854
tỉnh Đồng Tháp,,Mỹ Tho,66766,798699.4846574969,79.86994846574969
tỉnh Đồng Tháp,,Đạo Thạnh,7337,9225306.08586662,922.5306085866621
tỉnh Đồng Tháp,,Trung An,70479,1.5595827805571131E7,1559.5827805571132
tỉnh Đồng Tháp,,Mỹ Phong,50731,1.6704321892093461E7,1670.432189209346
tỉnh Đồng Tháp,,Long Thuận,29715,4126680.719862515,412.6680719862515
tỉnh Đồng Tháp,,Thới Sơn,33045,6619911.73360123,661.9911733601231
tỉnh Đồng Tháp,,Thanh Hòa,20903,1.4562425973535072E7,1456.242597353507
tỉnh Đồng Tháp,,Cai Lậy,34117,2.200982198254487E7,2200.982198254487
thành phố Cần Thơ,,An Bình,5015,1.1363023322143016E7,1136.3023322143017
tỉnh Gia Lai,,An Bình,5015,4.4136119659095705E7,4413.61196590957
tỉnh Đồng Tháp,,An Bình,5015,2.755829895845962E7,2755.829895845962
thành phố Cần Thơ,,Tân An,85997,1438440.4953052294,143.84404953052294
tỉnh Đắk Lắk,,Tân An,85997,4.3059090072089314E7,4305.909007208931
tỉnh Khánh Hòa,,Đông Hải,đang cập nhật,2893007.63712242,289.30076371224203
tỉnh Lâm Đồng,,Lang Biang - Đà Lạt,đang cập nhật,2.8954922672668695E8,28954.922672668694
tỉnh Lâm Đồng,,B’Lao,đang cập nhật,2.6854203945862357E7,2685.4203945862355
tỉnh Lâm Đồng,,Phú Thủy,đang cập nhật,4223182.05102949,422.31820510294904
tỉnh Lạng Sơn,,Kỳ Lừa,đang cập nhật,5.4091091666925214E7,5409.109166692521
tỉnh Ninh BÌnh,,Lê Hồ,đang cập nhật,4837593.723525941,483.75937235259414
tỉnh Ninh BÌnh,,Nguyễn Úy,đang cập nhật,9378185.369030997,937.8185369030997
tỉnh Ninh BÌnh,,Kim Thanh,đang cập nhật,4049181.827614459,404.9181827614459
tỉnh Đồng Nai,,Phước Long,đang cập nhật,4.8743008206877336E7,4874.300820687734
tỉnh Đồng Tháp,,Mỹ Ngãi,đang cập nhật,3.858363405979543E7,3858.363405979543
tỉnh Đồng Tháp,,Sơn Qui,đang cập nhật,2.9515719495998427E7,2951.571949599843
tỉnh Đồng Tháp,,Nhị Quý,đang cập nhật,1.8316061345519602E7,1831.6061345519602
tỉnh Đồng Tháp,,Mỹ Phước Tây,đang cập nhật,2.09819750544597E7,2098.19750544597
tỉnh Vĩnh Long,,Long Châu,4948,6233964.247535346,623.3964247535346
tỉnh Đồng Tháp,,Cao Lãnh,137387,4.8091980335677266E7,4809.198033567726
tỉnh Đồng Tháp,,Sa Đéc,104509,2.6272803275094304E7,2627.28032750943
tỉnh Đồng Tháp,,Gò Công,36124,6182815.638415854,618.2815638415855
thành phố Cần Thơ,,Bình Thủy,62483,5633879.247446786,563.3879247446786
tỉnh Cà Mau,,Vĩnh Trạch,23085,1.3684756446971878E7,1368.4756446971878
tỉnh Cà Mau,,Hiệp Thành,11864,2.2959808728190426E7,2295.9808728190424
tỉnh Cà Mau,,Giá Rai,21974,1.976848486884335E7,1976.848486884335
tỉnh Cà Mau,,Láng Tròn,21468,8.078174560220093E7,8078.174560220093
tỉnh Cà Mau,,Tân Thành,83758,2.1056440572289374E7,2105.6440572289375
tỉnh Cà Mau,,Lý Văn Lâm,50014,1.5545632234184265E7,1554.5632234184266
tỉnh Cà Mau,,Hoà Thành,47167,2.6075130237646397E7,2607.51302376464
tỉnh Hưng Yên,,Đường Hào,39028,4855866.080530444,485.5866080530444
tỉnh Hưng Yên,,Thái Bình,67922,1.0148483613283435E7,1014.8483613283435
tỉnh Hưng Yên,,Trà Lý,43929,1.207535867977627E7,1207.535867977627
tỉnh Hưng Yên,,Thượng Hồng,37153,3968405.9199017705,396.8405919901771
tỉnh Hưng Yên,,Mỹ Hào,57676,6933118.133099094,693.3118133099094
tỉnh Hưng Yên,,Vũ Phúc,41428,8735052.492667073,873.5052492667073
tỉnh Hưng Yên,,Trần Lãm,92136,1.3330773293574437E7,1333.0773293574437
tỉnh Hưng Yên,,Trần Hưng Đạo,45657,3174896.8008960797,317.489680089608
tỉnh Hưng Yên,,Hồng Châu,18714,1.0917524336419739E7,1091.752433641974
tỉnh Hưng Yên,,Phố Hiến,68982,1.0163416648439594E7,1016.3416648439594
tỉnh Hưng Yên,,Sơn Nam,30471,1.2781184879257528E7,1278.1184879257528
tỉnh Lào Cai,,Yên Bái,70391,7546282.985783266,754.6282985783266
tỉnh Lào Cai,,Nam Cường,17754,3.720484032431407E7,3720.4840324314073
tỉnh Lào Cai,,Trung Tâm,26888,3.675831312552959E7,3675.831312552959
tỉnh Lào Cai,,Cầu Thia,25234,2.4352943557088397E7,2435.2943557088397
tỉnh Lào Cai,,Âu Lâu,23245,4.637903383859904E7,4637.903383859904
tỉnh Lào Cai,,Văn Phú,26573,3.895688668350421E7,3895.688668350421
tỉnh Lào Cai,,Nghĩa Lộ,73556,2.5058323480321098E7,2505.8323480321096
tỉnh Lâm Đồng,,1 Bảo Lộc,55845,4.314602978651215E7,4314.602978651215
tỉnh Lâm Đồng,,3 Bảo Lộc,54445,9.829356042207131E7,9829.356042207131
tỉnh Lâm Đồng,,2 Bảo Lộc,49564,1.6334325334504315E8,16334.325334504316
tỉnh Lâm Đồng,,Bắc Gia Nghĩa,3776,2.1868869209047845E8,21868.869209047843
tỉnh Quảng Ngãi,,Đăk Cấm,29799,4.8274170990254045E7,4827.417099025404
tỉnh Thanh Hóa,,Đào Duy Từ,26206,3.2357381889547646E7,3235.7381889547646
tỉnh Tuyên Quang,,Minh Xuân,72,3.1015751570771616E7,3101.5751570771617
tỉnh Tuyên Quang,,Nông Tiến,15393,2.209706734194136E7,2209.706734194136
tỉnh Tuyên Quang,,Mỹ Lâm,31446,6.595627897964838E7,6595.627897964838
tỉnh Tuyên Quang,,An Tường,42952,4.113963833982615E7,4113.963833982615
tỉnh Tuyên Quang,,Bình Thuận,47858,3.885105021119958E7,3885.105021119958
tỉnh Tuyên Quang,,Hà Giang 2,331,5.213082490482806E7,5213.082490482806
tỉnh Tuyên Quang,,Hà Giang 1,21652,7.60330445382374E7,7603.304453823739
tỉnh Tây Ninh,,Long An,106667,2.130979708116255E7,2130.979708116255
tỉnh Tây Ninh,,Khánh Hậu,28965,1.755408450686032E7,1755.408450686032
tỉnh Tây Ninh,,Kiến Tường,23738,2.023617473956616E7,2023.6174739566159
tỉnh Tây Ninh,,Trảng Bàng,53532,1.544484735060254E7,1544.484735060254
tỉnh Tây Ninh,,An Tịnh,61212,5.126199647631396E7,5126.199647631396
tỉnh Tây Ninh,,Gò Dầu,6634,2.683248034793315E7,2683.248034793315
tỉnh Tây Ninh,,Gia Lộc,37354,3.0496742556131586E7,3049.6742556131585
tỉnh Tây Ninh,,Hòa Thành,47167,1.2612451793386513E7,1261.2451793386513
tỉnh Tây Ninh,,Thanh Điền,43528,2.10313513299972E7,2103.13513299972
tỉnh Tây Ninh,,Long Hoa,106017,3.93459459580634E7,3934.5945958063403
tỉnh Tây Ninh,,Tân Ninh,8936,9156438.41203042,915.6438412030419
tỉnh Tây Ninh,,Ninh Thạnh,52249,2.114493339299618E7,2114.493339299618
tỉnh Tây Ninh,,Bình Minh,34193,7.946759584113649E7,7946.759584113648
tỉnh Vĩnh Long,,Trà Vinh,45397,9966924.91521382,996.692491521382
tỉnh Vĩnh Long,,Long Đức,33662,2.1530191474853333E7,2153.019147485333
tỉnh Vĩnh Long,,Hoà Thuận,25384,8623350.699820515,862.3350699820514
tỉnh Vĩnh Long,,Nguyệt Hoá,37066,1.5769626630378334E7,1576.9626630378334
tỉnh Vĩnh Long,,Trường Long Hoà,1615,1.304844760083181E7,1304.844760083181
tỉnh Vĩnh Long,,Thanh Đức,35158,8624148.223705487,862.4148223705487
tỉnh Vĩnh Long,,Tân Hạnh,32093,1.1660039409653429E7,1166.003940965343
tỉnh Vĩnh Long,,Duyên Hải,24356,1.5863184386146758E7,1586.3184386146759
tỉnh Vĩnh Long,,Bình Minh,34193,1.4694316784576863E7,1469.4316784576863
tỉnh Vĩnh Long,,Cái Vồn,36031,1.5423353254485216E7,1542.3353254485216
tỉnh Đắk Lắk,,Bình Kiến,44406,5.507535978955487E7,5507.535978955487
tỉnh Tây Ninh,,Tân An,85997,2.1026420645094812E7,2102.6420645094813
tỉnh Quảng Ngãi,,Đăk Bla,đang cập nhật,7202632.351690495,720.2632351690495
